interval,threads,rate,MB/sec,bytes/io,read%,resp,read_resp,write_resp,resp_max,read_max,write_max,resp_std,queue_depth,cpu_used,cpu_user
1,4,90017,1406.5156,16384,49.8872,1.1478,0.3715,1.9207,11.398,2.657,11.398,0.909,103.4355,11.2994,6.9124
2,4,103718,1620.5938,16384,49.9479,1.1615,0.3793,1.9421,12.852,2.595,12.852,0.8796,120.4675,7.8352,2.3141
3,4,106794,1668.6562,16384,49.6704,1.1556,0.3785,1.9224,10.601,2.643,10.601,0.8564,123.4148,6.6025,1.3454
4,4,106679,1666.8594,16384,50.0558,1.1566,0.3801,1.9349,12.625,2.551,12.625,0.8679,123.365,6.7619,1.5522
5,4,106694,1667.0938,16384,49.8603,1.1571,0.377,1.9328,5.942,2.725,5.942,0.8543,123.4816,6.4882,1.2494
6,4,106764,1668.1875,16384,50.0234,1.1563,0.3798,1.9335,13.428,2.669,13.428,0.8769,123.4295,6.7908,1.3617
7,4,106382,1662.2188,16384,50.0874,1.1606,0.3754,1.9485,15.688,2.681,15.688,0.9206,123.4726,6.1194,0.9559
8,4,107175,1674.6094,16384,49.9081,1.1522,0.378,1.9235,6.6,2.564,6.6,0.8484,123.4856,5.9956,0.8323
9,4,107141,1674.0781,16384,49.9342,1.1536,0.3749,1.9302,8.953,2.466,8.953,0.8543,123.6099,5.9049,0.7414
10,4,106780,1668.4375,16384,49.8127,1.1607,0.3766,1.9389,11.594,2.54,11.594,0.8738,123.9463,5.8724,0.8377
11,4,106332,1661.4375,16384,50.1871,1.1582,0.3817,1.9405,20.151,20.151,18.893,0.9147,123.1352,6.2523,0.9522
12,4,106793,1668.6406,16384,50.169,1.1556,0.3795,1.9369,12.064,2.732,12.064,0.8781,123.4048,6.4291,1.0208
13,4,106903,1670.3594,16384,49.7058,1.1557,0.3789,1.9234,11.278,11.278,5.929,0.8509,123.54,5.8898,0.7954
14,4,107192,1674.875,16384,50.0961,1.1532,0.376,1.9334,13.189,7.466,13.189,0.8781,123.6253,6.1395,0.946
15,4,105982,1655.9688,16384,49.715,1.1654,0.3795,1.9424,11.41,11.41,6.735,0.8634,123.5005,6.0078,0.9194
16,4,106528,1664.5,16384,49.8967,1.1594,0.3819,1.9338,11.376,2.518,11.376,0.8543,123.519,6.3498,0.8829
17,4,107359,1677.4844,16384,49.8477,1.1514,0.3778,1.9204,10.248,2.677,10.248,0.8537,123.6096,6.2021,0.8567
18,4,106859,1669.6719,16384,50.0491,1.1558,0.3769,1.9362,12.689,2.391,12.689,0.8726,123.5083,6.0477,0.8218
19,4,106587,1665.4219,16384,49.7978,1.1602,0.379,1.9352,7.257,2.801,7.257,0.8622,123.6649,5.9559,0.8113
20,4,106817,1669.0156,16384,49.9256,1.1563,0.3756,1.9348,11.414,2.444,11.414,0.8686,123.5193,5.8692,0.7582
21,4,106537,1664.6406,16384,50.0427,1.1602,0.3849,1.9368,16.129,15.191,16.129,0.9098,123.6179,6.0145,0.7842
22,4,106897,1670.2656,16384,50.0987,1.1556,0.3807,1.9336,13.281,4.762,13.281,0.8654,123.5288,6.223,0.838
23,4,106821,1669.0781,16384,50.0688,1.1542,0.3788,1.9317,11.026,3.116,11.026,0.863,123.2691,6.4384,0.8383
24,4,107588,1681.0625,16384,50.1357,1.1488,0.3764,1.9255,14.938,2.575,14.938,0.876,123.6151,5.9616,0.7308
25,4,106960,1671.25,16384,49.9841,1.153,0.3761,1.9295,11.035,8.356,11.035,0.8535,123.3133,6.4516,0.8465
26,4,106491,1663.9219,16384,49.8521,1.1595,0.3786,1.9358,13.643,2.542,13.643,0.8689,123.498,5.907,0.7763
27,4,107151,1674.2344,16384,50.0182,1.1544,0.3786,1.9307,6.097,3.071,6.097,0.8554,123.6728,6.0506,0.7753
28,4,106250,1660.1562,16384,49.6602,1.1619,0.3806,1.9327,8.392,8.392,6.14,0.857,123.5007,6.2672,0.9552
29,4,107526,1680.0938,16384,50.2093,1.1506,0.3762,1.9314,6.354,2.432,6.354,0.8566,123.6758,6.0627,0.7846
30,4,107170,1674.5312,16384,50.153,1.1521,0.3762,1.9327,6.597,3.119,6.597,0.858,123.478,5.9606,0.6782
31,4,107287,1676.3594,16384,50.0648,1.1534,0.3766,1.9322,5.928,2.49,5.928,0.8539,123.7355,6.0423,0.9357
32,4,106798,1668.7188,16384,50.0337,1.1558,0.3805,1.9322,25.991,25.991,8.647,0.8627,123.4453,6.0812,0.749
33,4,106706,1667.2812,16384,49.9307,1.1589,0.3774,1.9382,12.378,12.378,8.576,0.8665,123.6515,6.0335,0.7676
34,4,106961,1671.2656,16384,49.7443,1.1548,0.3763,1.9253,11.334,2.617,11.334,0.8625,123.5237,6.2128,0.8735
35,4,107359,1677.4844,16384,50.211,1.1517,0.3759,1.9341,6.089,2.955,6.089,0.8613,123.6538,6.7058,1.3803
36,4,106307,1661.0469,16384,49.9487,1.163,0.3795,1.9449,13.291,13.291,12.741,0.8889,123.6225,5.8629,0.7573
37,4,106032,1656.75,16384,49.967,1.165,0.3774,1.9516,9.695,2.66,9.695,0.8836,123.5309,5.9737,0.8126
38,4,107005,1671.9531,16384,49.921,1.1554,0.3769,1.9315,13.823,2.471,13.823,0.8734,123.6336,6.1086,0.7836
39,4,106324,1661.3125,16384,49.9154,1.1625,0.377,1.9454,13.516,2.484,13.516,0.893,123.5979,5.7915,0.6603
40,4,106782,1668.4688,16384,50.118,1.1569,0.3749,1.9425,13.953,2.56,13.953,0.8979,123.5287,6.3313,0.9084
41,4,107031,1672.3594,16384,50.1023,1.1548,0.3795,1.9333,5.683,2.641,5.683,0.8547,123.6172,6.0709,0.7409
42,4,106218,1659.6562,16384,50.0979,1.1638,0.3812,1.9495,7.296,2.639,7.296,0.8696,123.628,5.9714,0.713
43,4,106017,1656.5156,16384,49.8505,1.1654,0.3852,1.941,19.889,18.226,19.889,0.8729,123.5361,6.251,0.9899
44,4,106591,1665.4844,16384,49.7697,1.1599,0.3806,1.932,11.927,10.672,11.927,0.8609,123.6266,6.0445,0.6597
45,4,107350,1677.3438,16384,50.0196,1.1505,0.3772,1.9243,6.892,5.037,6.892,0.8527,123.5162,6.9175,1.3104
46,4,106991,1671.7344,16384,49.9481,1.1557,0.3728,1.937,5.875,2.739,5.875,0.8619,123.6563,6.0355,0.7132
47,4,105843,1653.7969,16384,49.9221,1.1675,0.3797,1.9529,13.5,2.723,13.5,0.9046,123.5538,6.1568,0.9726
48,4,107165,1674.4531,16384,50.2216,1.1536,0.3793,1.9349,13.143,2.613,13.143,0.8676,123.6308,5.8336,0.6423
49,4,106183,1659.1094,16384,49.878,1.1628,0.3789,1.943,11.25,2.889,11.25,0.874,123.4906,6.1099,0.9468
50,4,107489,1679.5156,16384,50.2396,1.1502,0.3747,1.9331,6.104,2.718,6.104,0.8589,123.6056,6.6844,1.1765
51,4,106064,1657.25,16384,49.6813,1.1655,0.3787,1.9423,9.354,2.591,9.354,0.8675,123.6148,6.2099,0.7584
52,4,106762,1668.1562,16384,49.8426,1.1568,0.3787,1.93,6.106,2.418,6.106,0.8541,123.4934,6.3081,1.0633
53,4,106356,1661.8125,16384,49.9784,1.1622,0.3767,1.9469,7.008,3.084,7.008,0.8727,123.6135,5.8855,0.6063
54,4,106718,1667.4688,16384,50.1537,1.1582,0.3809,1.9403,11.561,3.495,11.561,0.8739,123.6084,6.0851,0.7751
55,4,106601,1665.6406,16384,50.19,1.1588,0.3788,1.9448,13.824,9.766,13.824,0.8912,123.6045,5.9607,0.6871
56,4,105958,1655.5938,16384,49.8518,1.1667,0.3762,1.9525,12.382,3.353,12.382,0.8929,123.5548,6.1653,0.7674
57,4,106592,1665.5,16384,49.9841,1.1602,0.3813,1.9386,12.247,2.432,12.247,0.8712,123.6542,5.9913,0.6865
58,4,107027,1672.2969,16384,50.3658,1.154,0.3787,1.9409,10.585,3.425,10.585,0.873,123.5165,6.0099,0.6598
59,4,106874,1669.9062,16384,49.9233,1.1568,0.3809,1.9303,5.869,2.527,5.869,0.8569,123.6195,5.9304,0.6411
60,4,106369,1662.0156,16384,49.8397,1.1624,0.38,1.9398,5.969,2.925,5.969,0.8654,123.6387,5.9385,0.6866
61,4,107053,1672.7031,16384,50.22,1.1538,0.379,1.9354,5.985,2.548,5.985,0.8591,123.5314,6.328,0.8646
62,4,106357,1661.8281,16384,49.9017,1.1623,0.3788,1.9427,12.468,10.716,12.468,0.8667,123.6299,6.2863,0.7758
63,4,106712,1667.375,16384,50.0356,1.1577,0.3803,1.9361,6.424,2.563,6.424,0.8614,123.5113,6.0168,0.7053
64,4,106849,1669.5156,16384,49.9022,1.1569,0.3779,1.933,6.848,2.59,6.848,0.8569,123.6294,5.8544,0.6425
65,4,106002,1656.2812,16384,49.7604,1.165,0.3822,1.9403,12.79,4.209,12.79,0.8697,123.5162,6.0309,0.7762
66,4,106673,1666.7656,16384,50.2761,1.1597,0.3774,1.9506,12.353,10.577,12.353,0.8948,123.6825,5.9139,0.6868
67,4,106082,1657.5312,16384,49.8086,1.1646,0.3772,1.9459,12.514,4.929,12.514,0.8823,123.529,6.2951,0.8572
68,4,106233,1659.8906,16384,50.2405,1.1629,0.3807,1.9528,13.24,3.348,13.24,0.8875,123.5476,6.0338,0.8134
69,4,106542,1664.7188,16384,49.9155,1.1594,0.3837,1.9325,6.013,2.591,6.013,0.8602,123.5197,5.8577,0.6619
70,4,106483,1663.7969,16384,49.9066,1.1607,0.3778,1.9407,11.53,2.495,11.53,0.8662,123.6356,5.7628,0.7517
71,4,106139,1658.4219,16384,49.9487,1.1635,0.3764,1.9491,11.1,2.473,11.1,0.8827,123.5001,5.6977,0.6529
72,4,105431,1647.3594,16384,50.028,1.1716,0.379,1.9652,13.297,2.933,13.297,0.9236,123.4952,6.5543,1.018
73,4,106601,1665.6406,16384,50.1121,1.159,0.3769,1.9447,13.821,2.927,13.821,0.8724,123.5476,6.1957,0.761
74,4,106621,1665.9531,16384,50.1721,1.1573,0.3771,1.9429,15.809,11.357,15.809,0.8992,123.3938,6.0994,0.7076
75,4,106652,1666.4375,16384,50.106,1.159,0.3767,1.9447,7.187,2.532,7.187,0.8755,123.609,5.8729,0.6346
76,4,106572,1665.1875,16384,49.8442,1.1595,0.3768,1.9375,7.889,7.889,7.467,0.8743,123.5935,6.1079,0.6866
77,4,105934,1655.2188,16384,49.8933,1.1667,0.3804,1.9496,15.062,13.674,15.062,0.8767,123.593,6.0949,0.705
78,4,105752,1652.375,16384,50.0454,1.1689,0.382,1.9574,13.174,4.813,13.174,0.9048,123.5871,6.3158,0.8028
79,4,106368,1662,16384,50.0216,1.1608,0.3768,1.9456,11.495,2.539,11.495,0.8741,123.4795,6.2467,0.7407
80,4,106542,1664.7188,16384,50.0591,1.1599,0.3734,1.9482,13.257,3.854,13.257,0.8928,123.5849,6.2143,0.6954
81,4,106717,1667.4531,16384,50.2432,1.1578,0.3798,1.9434,7.317,2.674,7.317,0.8716,123.5648,6.0253,0.6338
82,4,105674,1651.1562,16384,49.8675,1.1694,0.3803,1.9544,16.37,2.51,16.37,0.8885,123.5824,6.0859,0.7049
83,4,105835,1653.6719,16384,49.8124,1.1666,0.3778,1.9496,5.794,2.394,5.794,0.8747,123.4586,6.391,0.7666
84,4,106315,1661.1719,16384,49.9845,1.1624,0.3792,1.9452,6.943,2.484,6.943,0.8715,123.5798,6.4584,0.7939
85,4,106043,1656.9219,16384,49.9844,1.1654,0.3788,1.9515,12.653,2.548,12.653,0.8908,123.5775,6.2551,0.7406
86,4,106525,1664.4531,16384,50.0934,1.16,0.3752,1.9477,13.517,2.528,13.517,0.8953,123.5544,6.1541,0.7135
87,4,106360,1661.875,16384,49.8947,1.1616,0.3779,1.9421,6.623,4.545,6.623,0.8703,123.5573,6.0552,0.6609
88,4,106248,1660.125,16384,50.1854,1.1628,0.3793,1.9521,13.243,2.756,13.243,0.879,123.5817,6.2339,0.7046
89,4,106457,1663.3906,16384,50.0559,1.1612,0.3793,1.9448,7.352,5.628,7.352,0.8706,123.5976,6.3989,0.821
90,4,105455,1647.7344,16384,49.8156,1.1709,0.3782,1.9579,13.466,10.396,13.466,0.9158,123.4891,6.0852,0.7059
91,4,107030,1672.3438,16384,50.2037,1.1549,0.3787,1.9375,6.462,2.844,6.462,0.8667,123.5986,6.0652,0.67
92,4,106172,1658.9375,16384,50.2251,1.1639,0.3773,1.9576,12.328,2.468,12.328,0.9046,123.5758,6.0403,0.6423
93,4,105956,1655.5625,16384,50.0642,1.1653,0.3784,1.9543,11.332,11.332,10.229,0.883,123.4658,6.1273,0.6967
94,4,106769,1668.2656,16384,50.1063,1.1572,0.3727,1.9451,6.24,2.684,6.24,0.8759,123.5524,6.3727,0.7943
95,4,106045,1656.9531,16384,49.8911,1.1657,0.3761,1.9519,5.911,2.62,5.911,0.8774,123.6349,6.1887,0.7569
96,4,104788,1637.3125,16384,49.875,1.1782,0.3794,1.9729,15.637,2.859,15.637,0.9082,123.4547,6.2825,0.7686
97,4,105910,1654.8438,16384,49.6025,1.167,0.3779,1.9436,8.258,3.388,8.258,0.8815,123.5998,6.1252,0.7154
98,4,105887,1654.4844,16384,49.907,1.1666,0.3756,1.9547,10.364,10.364,6.296,0.882,123.5324,6.2244,0.7312
99,4,105647,1650.7344,16384,49.9825,1.1704,0.3804,1.9598,13.935,10.407,13.935,0.9038,123.6333,6.1664,0.7129
100,4,106442,1663.1562,16384,50.3053,1.1602,0.3816,1.9484,13.239,9.655,13.239,0.8777,123.4873,6.6424,0.7658
101,4,105369,1646.3906,16384,49.7841,1.1724,0.3818,1.9562,11.709,5.441,11.709,0.8925,123.5395,6.6017,0.8307
102,4,105419,1647.1719,16384,49.9976,1.1723,0.3787,1.9657,12.311,3.081,12.311,0.9034,123.5793,6.4938,0.7661
103,4,105907,1654.7969,16384,49.8522,1.1654,0.3745,1.9516,7.468,2.912,7.468,0.8856,123.4402,6.401,0.731
104,4,106115,1658.0469,16384,49.9845,1.1639,0.3792,1.9481,12.939,2.524,12.939,0.8755,123.5288,6.2545,0.695
105,4,105801,1653.1406,16384,50.2784,1.1681,0.3784,1.9667,13.346,3.585,13.346,0.9193,123.5584,6.1467,0.6611
106,4,106886,1670.0938,16384,50.1918,1.1572,0.3802,1.9401,12.421,2.526,12.421,0.87,123.6797,6.3207,0.7934
107,4,106135,1658.3594,16384,50.252,1.164,0.3796,1.9564,15.846,2.913,15.846,0.9082,123.5533,6.3932,0.7579
108,4,105670,1651.0938,16384,49.983,1.1689,0.3808,1.9564,12.777,2.529,12.777,0.9054,123.5177,6.0485,0.6612
109,4,106454,1663.3438,16384,50.0329,1.1612,0.3772,1.9463,7.081,2.564,7.081,0.8749,123.6157,5.8456,0.6068
110,4,105719,1651.8594,16384,49.8926,1.1696,0.3788,1.9571,9.294,7.353,9.294,0.884,123.6319,5.8194,0.6248
111,4,106228,1659.8125,16384,49.9849,1.1628,0.3795,1.9456,8.104,8.104,7.481,0.8773,123.5246,5.9542,0.6606
112,4,105444,1647.5625,16384,50.1034,1.1726,0.3807,1.9677,13.654,3.608,13.654,0.9223,123.6502,6.2194,0.7752
113,4,105530,1648.9062,16384,50.1943,1.171,0.377,1.9711,14.013,2.875,14.013,0.924,123.5795,6.0461,0.7045
114,4,105528,1648.875,16384,50.0313,1.1713,0.3822,1.9613,11.38,11.38,10.716,0.8865,123.5785,5.9096,0.6963
115,4,105375,1646.4844,16384,49.9359,1.1714,0.378,1.9628,14.024,2.366,14.024,0.9125,123.458,5.9584,0.6601
116,4,105948,1655.4375,16384,50.1491,1.1673,0.3782,1.9612,10.89,3.592,10.89,0.8994,123.6744,5.8697,0.6056
117,4,105916,1654.9375,16384,49.8801,1.1662,0.3784,1.9503,9.903,2.97,9.903,0.8808,123.5181,5.9286,0.6786
118,4,106384,1662.25,16384,50.3807,1.1621,0.3773,1.959,12.832,3.642,12.832,0.9005,123.6453,6.1283,0.7137
119,4,105394,1646.7812,16384,49.7799,1.1734,0.3811,1.9587,6.535,2.695,6.535,0.8824,123.6479,5.9794,0.7307
120,4,105152,1643,16384,49.5806,1.1762,0.3804,1.9587,8.381,8.381,8.207,0.8857,123.6605,5.7885,0.6333
121,4,105796,1653.0625,16384,50.0889,1.1672,0.3779,1.9593,14.071,5.022,14.071,0.9003,123.5041,5.8802,0.6692
122,4,105586,1649.7812,16384,49.9176,1.1694,0.3783,1.9579,12.992,10.814,12.992,0.898,123.4803,6.4009,0.8469
123,4,106121,1658.1406,16384,50.1531,1.1641,0.3768,1.9563,13.065,4.748,13.065,0.8967,123.5297,6.235,0.7849
124,4,105934,1655.2188,16384,49.9056,1.1676,0.3771,1.955,6.546,2.825,6.546,0.8813,123.6702,5.8683,0.651
125,4,105733,1652.0781,16384,49.8028,1.1684,0.3771,1.9534,6.233,2.616,6.233,0.879,123.5482,5.8734,0.6427
126,4,105660,1650.9375,16384,50.0237,1.1703,0.3791,1.9623,11.169,2.697,11.169,0.8925,123.657,5.8094,0.6059
127,4,105831,1653.6094,16384,49.8068,1.1672,0.3746,1.9537,10.396,2.624,10.396,0.8848,123.5648,5.7753,0.6338
128,4,104498,1632.7812,16384,49.9895,1.1836,0.3808,1.9861,13.193,3.003,13.193,0.9568,123.6405,5.8441,0.6691
129,4,105616,1650.25,16384,50.0104,1.1705,0.3783,1.9631,13.19,2.851,13.19,0.9027,123.6528,5.928,0.7422
130,4,105609,1650.1406,16384,50.2088,1.171,0.3828,1.9657,13.016,2.605,13.016,0.8904,123.6442,5.6613,0.617
131,4,105616,1650.25,16384,49.8826,1.1696,0.3784,1.957,14.819,2.598,14.819,0.9027,123.5223,5.6711,0.7078
132,4,105552,1649.25,16384,49.7234,1.1717,0.3796,1.955,12.022,9.179,12.022,0.8888,123.6625,5.476,0.5368
133,4,106038,1656.8438,16384,50.216,1.1659,0.3795,1.9592,10.155,8.509,10.155,0.8867,123.6436,5.7209,0.6079
134,4,105642,1650.6562,16384,50.1704,1.1693,0.38,1.9641,12.945,5.852,12.945,0.8972,123.5308,5.8602,0.7157
135,4,105682,1651.2812,16384,50.1173,1.1702,0.3791,1.965,12.851,2.672,12.851,0.8893,123.6628,5.7,0.6612
136,4,105675,1651.1719,16384,50.0894,1.17,0.3787,1.9641,8.672,3.075,8.672,0.8937,123.646,5.6032,0.5987
137,4,105197,1643.7031,16384,49.8427,1.1744,0.38,1.9637,10.955,3.299,10.955,0.8917,123.5465,5.4919,0.5724
138,4,105419,1647.1719,16384,49.9644,1.1733,0.3796,1.966,6.081,2.627,6.081,0.8868,123.6795,5.6073,0.5893
139,4,106492,1663.9375,16384,49.877,1.1604,0.3787,1.9384,6.579,2.538,6.579,0.8738,123.5994,6.3202,0.9998
140,4,105973,1655.8281,16384,50.0477,1.1656,0.3795,1.9532,7.088,2.539,7.088,0.8795,123.4989,6.2361,0.7326
141,4,106072,1657.375,16384,50.2442,1.1653,0.3807,1.9575,6.171,2.877,6.171,0.885,123.6053,6.0417,0.6594
142,4,106145,1658.5156,16384,50.1597,1.1646,0.3796,1.9547,6.428,2.476,6.428,0.8836,123.6426,5.783,0.589
143,4,105936,1655.25,16384,50.168,1.1676,0.3773,1.9633,13.534,10.719,13.534,0.9201,123.6645,5.8881,0.6236
144,4,105663,1650.9844,16384,50.0128,1.1691,0.3794,1.9591,16.71,16.71,12.361,0.8922,123.5304,5.8666,0.6519
145,4,105056,1641.5,16384,49.7468,1.1769,0.3833,1.9625,11.614,5.275,11.614,0.8867,123.665,6.1225,0.7397
146,4,105971,1655.7969,16384,50.0694,1.1668,0.3774,1.9585,6.087,2.832,6.087,0.8853,123.6508,5.9112,0.6509
147,4,104538,1633.4062,16384,49.8307,1.1817,0.3789,1.9791,13.249,2.581,13.249,0.9521,123.5159,5.792,0.6157
148,4,105332,1645.8125,16384,50.0237,1.174,0.3798,1.9689,12.273,2.713,12.273,0.9168,123.6514,5.7176,0.6066
149,4,105540,1649.0625,16384,49.8361,1.1713,0.3771,1.9603,11.792,7.62,11.792,0.8912,123.6374,6.1118,0.9012
150,4,104180,1627.8125,16384,49.5153,1.1868,0.3807,1.9774,11.582,3.998,11.582,0.9171,123.6356,6.4307,1.2862
151,4,105818,1653.4062,16384,49.948,1.1685,0.3799,1.9556,9.579,2.574,9.579,0.8837,123.6396,6.0341,0.7141
152,4,105453,1647.7031,16384,49.9872,1.1725,0.3826,1.9621,8.292,4.187,8.292,0.8907,123.6527,5.8001,0.6514
153,4,105998,1656.2188,16384,50.0075,1.1655,0.379,1.9523,11.481,2.559,11.481,0.8797,123.531,5.8745,0.6338
154,4,105313,1645.5156,16384,49.9938,1.1737,0.3801,1.9671,12.977,2.665,12.977,0.9088,123.6212,7.2463,1.9478
155,4,106245,1660.0781,16384,50.0598,1.1638,0.3796,1.9499,10.756,8.306,10.756,0.8807,123.6526,5.8088,0.6335
156,4,104497,1632.7656,16384,49.8933,1.1821,0.3824,1.9785,13.372,8.578,13.372,0.9287,123.5272,5.8466,0.6963
157,4,105235,1644.2969,16384,50.009,1.1752,0.3812,1.9694,10.341,10.341,8.926,0.8962,123.6649,6.0215,0.7314
158,4,104970,1640.1562,16384,49.5875,1.1775,0.3785,1.9634,12.198,3.326,12.198,0.8991,123.6152,5.8622,0.6603
159,4,105989,1656.0781,16384,50.0948,1.1659,0.3783,1.9566,5.917,2.633,5.917,0.8845,123.5482,5.9124,0.7234
160,4,106139,1658.4219,16384,49.8695,1.1641,0.3789,1.9452,12.27,2.818,12.27,0.8778,123.5648,5.8871,0.6958
161,4,105566,1649.4688,16384,50.3846,1.1704,0.3783,1.9749,14.392,14.392,14.178,0.9189,123.5514,5.8751,0.6875
162,4,105747,1652.2969,16384,49.9589,1.1689,0.3791,1.9574,7.5,3.079,7.5,0.8846,123.6111,5.765,0.6078
163,4,105068,1641.6875,16384,49.7887,1.1766,0.3816,1.9648,5.994,3.417,5.994,0.8944,123.6228,6.0179,0.7232
164,4,106561,1665.0156,16384,50.1384,1.1598,0.3778,1.9462,6.083,3.048,6.083,0.8776,123.6106,5.8912,0.6784
165,4,104854,1638.3438,16384,50.1068,1.179,0.3809,1.9805,13.423,10.323,13.423,0.927,123.6084,5.7018,0.6335
166,4,105565,1649.4531,16384,49.9029,1.1709,0.379,1.9598,12.932,11.77,12.932,0.8919,123.6118,5.7222,0.6339
167,4,105887,1654.4844,16384,50.2668,1.1675,0.3775,1.9659,12.536,6.446,12.536,0.9075,123.6316,6.0125,0.7403
168,4,105550,1649.2188,16384,50.2568,1.1713,0.3823,1.9685,13.753,5.88,13.753,0.9174,123.618,6.0314,0.7317
169,4,105111,1642.3594,16384,49.8035,1.176,0.3786,1.9672,11.964,3.543,11.964,0.9024,123.6204,5.843,0.6601
170,4,105886,1654.4688,16384,50.1275,1.1676,0.3812,1.9579,12.224,2.613,12.224,0.8945,123.6154,5.7217,0.6069
171,4,106059,1657.1719,16384,50.1711,1.1653,0.3783,1.9576,14.131,2.716,14.131,0.8991,123.6259,5.7616,0.5709
172,4,106037,1656.8281,16384,50.1947,1.1649,0.3785,1.9575,14.071,3.298,14.071,0.8899,123.4877,6.1363,0.9007
173,4,105742,1652.2188,16384,50.1664,1.1688,0.3807,1.9623,11.927,2.633,11.927,0.8923,123.5879,5.8771,0.7236
174,4,105474,1648.0312,16384,49.8407,1.1719,0.381,1.9578,6.051,2.486,6.051,0.8844,123.6281,5.9596,0.7058
175,4,106046,1656.9688,16384,49.9849,1.1658,0.3833,1.9479,6.54,2.482,6.54,0.8745,123.6204,5.896,0.7415
176,4,105243,1644.4219,16384,49.9739,1.1745,0.3817,1.9664,13.052,11.437,13.052,0.9045,123.6346,5.6438,0.5715
177,4,105366,1646.3438,16384,49.8206,1.174,0.3788,1.9635,13.233,9.753,13.233,0.8987,123.6713,5.694,0.6247
178,4,104994,1640.5312,16384,49.88,1.1763,0.3827,1.966,14.101,14.101,13.786,0.9089,123.5042,5.7836,0.6079
179,4,106078,1657.4688,16384,50.2244,1.1652,0.38,1.9575,6.093,4.359,6.093,0.8853,123.6118,6.015,0.7139
180,4,104782,1637.2188,16384,49.7585,1.1797,0.381,1.9708,14.111,3.999,14.111,0.909,123.606,6.6078,1.4109
181,4,105549,1649.2031,16384,49.7106,1.171,0.3791,1.9539,10.267,3.899,10.267,0.8889,123.6028,5.7296,0.6247
182,4,106120,1658.125,16384,50.0961,1.1649,0.3795,1.9534,13.42,10.387,13.42,0.8804,123.6258,5.7669,0.615
183,4,105805,1653.2031,16384,50.0354,1.1711,0.378,1.9652,9.179,2.464,9.179,0.8957,123.8885,5.8443,0.6049
184,4,104634,1634.9062,16384,49.698,1.179,0.38,1.9684,12.896,2.567,12.896,0.9135,123.3687,6.011,0.7324
185,4,105619,1650.2969,16384,49.9664,1.1704,0.3788,1.9609,12.339,2.768,12.339,0.8966,123.6379,6.084,0.7315
186,4,105910,1654.8438,16384,50.0906,1.1672,0.3816,1.9556,7.31,2.636,7.31,0.8791,123.6326,5.9641,0.6597
187,4,105250,1644.5312,16384,50.1064,1.175,0.3792,1.9741,12.312,2.666,12.312,0.9354,123.6542,5.7685,0.6151
188,4,105345,1646.0156,16384,50.1998,1.1732,0.3823,1.9704,11.508,9.365,11.508,0.9048,123.5398,5.8147,0.6699
189,4,105900,1654.6875,16384,50.1756,1.1673,0.3809,1.9591,17.498,17.498,11.197,0.8936,123.6334,5.9774,0.7047
190,4,104827,1637.9219,16384,49.5989,1.1792,0.3795,1.9661,7.912,3.469,7.912,0.8954,123.6305,5.9793,0.7319
191,4,106041,1656.8906,16384,50.0014,1.1661,0.3809,1.9513,13.584,2.746,13.584,0.8849,123.6398,5.9875,0.7763
192,4,105508,1648.5625,16384,50.0085,1.1719,0.3845,1.9595,13.072,4.034,13.072,0.9063,123.6406,5.6697,0.5625
193,4,105462,1647.8438,16384,49.8568,1.1717,0.3776,1.9611,6.588,2.592,6.588,0.8862,123.5525,5.6399,0.6971
194,4,105651,1650.7969,16384,49.8528,1.1704,0.3772,1.959,6.514,2.71,6.514,0.8861,123.6579,5.5078,0.5812
195,4,105633,1650.5156,16384,49.9068,1.1705,0.3816,1.9565,10.655,2.476,10.655,0.8945,123.648,5.5665,0.6265
196,4,104797,1637.4531,16384,49.8392,1.179,0.3815,1.9713,8.942,3.704,8.942,0.8984,123.5317,5.8113,0.6626
197,4,105522,1648.7812,16384,50.1867,1.1716,0.3828,1.9663,11.515,11.515,9.387,0.8939,123.635,5.7803,0.6254
198,4,105065,1641.6406,16384,49.7387,1.1765,0.38,1.9646,12.4,11.425,12.4,0.8944,123.6111,5.5437,0.5991
199,4,105381,1646.5781,16384,50.0375,1.1732,0.3823,1.9654,11.655,8.299,11.655,0.9046,123.6319,5.5525,0.5901
200,4,105133,1642.7031,16384,49.9425,1.1764,0.3818,1.9692,12.446,9.082,12.446,0.9014,123.6731,5.6811,0.6253
201,4,105981,1655.9531,16384,50.1024,1.1661,0.3774,1.958,6.084,3.637,6.084,0.8848,123.6329,5.7792,0.6978
202,4,105607,1650.1094,16384,49.9493,1.1712,0.3786,1.9622,12.608,4.439,12.608,0.9132,123.6443,5.7952,0.634
203,4,106032,1656.75,16384,50.3386,1.1651,0.3816,1.9592,10.605,2.292,10.605,0.8932,123.547,5.7847,0.6517
204,4,105388,1646.6875,16384,49.7912,1.1735,0.3785,1.9618,13.198,11.123,13.198,0.8904,123.6415,5.6661,0.58
205,4,105347,1646.0469,16384,49.7613,1.173,0.3775,1.9611,12.189,2.649,12.189,0.9,123.5908,5.9716,0.8301
206,4,105850,1653.9062,16384,49.9953,1.1683,0.3762,1.9604,7.564,2.642,7.564,0.8891,123.6652,5.8141,0.6609
207,4,105293,1645.2031,16384,50.1496,1.1732,0.3844,1.9668,14.391,10.556,14.391,0.9106,123.5346,6.1498,0.82
208,4,105446,1647.5938,16384,50.0465,1.172,0.3788,1.9667,6.242,2.477,6.242,0.8921,123.6108,5.8787,0.7314
209,4,104857,1638.3906,16384,49.7725,1.178,0.377,1.9718,12.249,11.747,12.249,0.9089,123.5274,5.7254,0.6243
210,4,105306,1645.4062,16384,50.0921,1.1744,0.3798,1.972,9.59,3.071,9.59,0.902,123.6633,5.6057,0.5623
211,4,105938,1655.2812,16384,50.1746,1.1671,0.3817,1.958,14.442,9.183,14.442,0.8899,123.6378,5.7488,0.6418
212,4,105455,1647.7344,16384,50.083,1.1727,0.3817,1.9664,15.398,10.431,15.398,0.9209,123.6548,5.8529,0.6592
213,4,106076,1657.4375,16384,50.1197,1.1645,0.3793,1.9534,7.511,3.846,7.511,0.8834,123.5248,6.0817,0.7491
214,4,105642,1650.6562,16384,50.1552,1.1706,0.3799,1.9661,11.995,3.321,11.995,0.9113,123.6488,5.921,0.6589
215,4,105487,1648.2344,16384,49.9597,1.1721,0.3803,1.9625,7.915,2.647,7.915,0.8876,123.641,5.818,0.6148
216,4,105501,1648.4531,16384,49.8337,1.172,0.3783,1.9604,15.649,2.9,15.649,0.9242,123.6467,5.6972,0.633
217,4,105343,1645.9844,16384,50.1543,1.1735,0.3819,1.97,6.964,3.012,6.964,0.8996,123.6161,5.6829,0.6156
218,4,105988,1656.0625,16384,49.9396,1.1664,0.3773,1.9536,5.773,2.444,5.773,0.8789,123.6403,5.8083,0.6156
219,4,106063,1657.2344,16384,50.1768,1.1646,0.3791,1.9556,10.532,2.6,10.532,0.8841,123.5123,6.0694,0.6963
220,4,105089,1642.0156,16384,49.9139,1.1768,0.3808,1.97,11.161,2.447,11.161,0.9036,123.6467,5.8391,0.6418
221,4,104813,1637.7031,16384,49.7849,1.1798,0.38,1.9727,10.044,2.673,10.044,0.8961,123.6549,5.7961,0.6945
222,4,105468,1647.9375,16384,50.2143,1.1719,0.3798,1.9708,13.541,12.759,13.541,0.899,123.6086,5.9042,0.7213
223,4,104680,1635.625,16384,49.6532,1.1791,0.3798,1.9674,11.455,8.622,11.455,0.909,123.4388,6.0573,0.8462
224,4,105383,1646.6094,16384,49.7775,1.1733,0.3795,1.9601,6.62,3.39,6.62,0.8863,123.6385,5.9945,0.7303
225,4,105324,1645.6875,16384,49.8253,1.1744,0.3816,1.9617,12.888,2.568,12.888,0.8877,123.6753,6.0774,0.9713
226,4,106080,1657.5,16384,50.1565,1.1643,0.3793,1.9542,6.408,2.615,6.408,0.8838,123.5394,5.8484,0.641
227,4,105360,1646.25,16384,49.9506,1.1736,0.3816,1.964,10.158,2.592,10.158,0.8953,123.6466,5.6194,0.5878
228,4,105557,1649.3281,16384,50.1018,1.1715,0.3813,1.9649,7.847,4.159,7.847,0.8906,123.649,5.7557,0.6405
229,4,105318,1645.5938,16384,49.9791,1.1736,0.3815,1.965,6.402,2.664,6.402,0.8869,123.6024,5.9414,0.7483
230,4,105378,1646.5312,16384,50.0579,1.1735,0.3807,1.9682,11.315,2.698,11.315,0.9048,123.6571,6.1638,0.8551
231,4,105390,1646.7188,16384,50.2002,1.172,0.3831,1.9672,9.198,5.018,9.198,0.895,123.5396,5.8603,0.6234
232,4,105054,1641.4688,16384,50.1218,1.1772,0.3826,1.9757,13.134,11.379,13.134,0.9271,123.6473,5.6313,0.597
233,4,105887,1654.4844,16384,49.8437,1.1674,0.3769,1.953,13.982,6.282,13.982,0.8898,123.6544,5.7587,0.6319
234,4,105262,1644.7188,16384,50.0342,1.1752,0.3876,1.964,11.902,11.509,11.902,0.9025,123.6593,5.84,0.6588
235,4,105781,1652.8281,16384,50.0648,1.1675,0.3794,1.9578,12.117,5.824,12.117,0.8939,123.5311,5.9915,0.7223
236,4,105626,1650.4062,16384,49.9129,1.1704,0.3779,1.9602,11.692,11.692,6.187,0.8885,123.6388,5.8109,0.6952
237,4,105087,1641.9844,16384,49.9443,1.1764,0.3784,1.9726,6.601,3.883,6.601,0.9044,123.6115,5.6433,0.5973
238,4,105544,1649.125,16384,50.0512,1.1714,0.3779,1.9665,12.09,2.611,12.09,0.9034,123.6235,5.5546,0.5796
239,4,105126,1642.5938,16384,50.0466,1.1761,0.3795,1.9742,12.081,2.502,12.081,0.9262,123.6374,5.7216,0.6585
240,4,105206,1643.8438,16384,50.0589,1.1745,0.3812,1.9697,7.202,2.658,7.202,0.8947,123.5945,5.7738,0.6515
241,4,104925,1639.4531,16384,49.9261,1.1785,0.3812,1.9735,13.904,2.445,13.904,0.9099,123.6316,5.9578,0.7402
242,4,104749,1636.7031,16384,49.7628,1.18,0.3819,1.9706,11.411,11.411,9.178,0.8981,123.6191,5.7739,0.6683
243,4,104712,1636.125,16384,49.9284,1.1809,0.379,1.9804,12.396,2.67,12.396,0.9073,123.6267,5.5654,0.5887
244,4,105831,1653.6094,16384,50.0591,1.168,0.3779,1.96,11.351,9.526,11.351,0.9071,123.6415,5.7525,0.5966
245,4,105433,1647.3906,16384,50.3087,1.1728,0.3843,1.9712,12.067,9.924,12.067,0.9051,123.6399,5.7827,0.6415
246,4,105296,1645.25,16384,49.887,1.1743,0.3797,1.9653,13.558,5.566,13.558,0.9061,123.6484,6.2767,0.9794
247,4,105082,1641.9062,16384,49.9334,1.1758,0.3839,1.9657,12.27,2.68,12.27,0.9083,123.5428,5.6603,0.6249
248,4,105207,1643.8594,16384,50.0822,1.1753,0.3824,1.9707,7.985,3.994,7.985,0.8993,123.6556,5.6916,0.5968
249,4,105432,1647.375,16384,49.8596,1.173,0.3793,1.9622,13.056,2.546,13.056,0.8913,123.6472,5.7389,0.605
250,4,105519,1648.7344,16384,49.9152,1.1717,0.3816,1.9592,11.661,2.509,11.661,0.8843,123.6495,5.8034,0.6498
251,4,105281,1645.0156,16384,49.9492,1.1731,0.3791,1.9656,8.109,3.203,8.109,0.896,123.5437,5.8172,0.6692
252,4,106339,1661.5469,16384,50.5346,1.1628,0.379,1.9635,7.427,2.616,7.427,0.8909,123.6149,6.2262,0.8729
253,4,105552,1649.25,16384,50.0332,1.171,0.3827,1.9604,7.04,2.541,7.04,0.8878,123.6064,5.9085,0.6951
254,4,104948,1639.8125,16384,50.1172,1.1767,0.3843,1.9728,13.037,2.676,13.037,0.9171,123.494,5.8062,0.7045
255,4,105934,1655.2188,16384,50.1907,1.167,0.3808,1.9592,9.795,9.795,8.861,0.8938,123.6254,5.7728,0.6503
256,4,104110,1626.7188,16384,49.5956,1.1873,0.3834,1.9784,13.386,7.899,13.386,0.9268,123.6127,5.7503,0.7489
257,4,104649,1635.1406,16384,50.1008,1.1815,0.3827,1.9834,11.571,3.803,11.571,0.9222,123.6375,6.2427,1.0524
258,4,105688,1651.375,16384,49.8306,1.1696,0.3783,1.9556,6.111,2.614,6.111,0.8867,123.609,5.6012,0.6074
259,4,105217,1644.0156,16384,50.0195,1.1746,0.3774,1.9725,13.067,2.462,13.067,0.9202,123.6212,5.4325,0.5629
260,4,105178,1643.4062,16384,50.0086,1.1756,0.3814,1.97,6.048,2.675,6.048,0.8954,123.6092,5.4048,0.5718
261,4,104405,1631.3281,16384,49.7246,1.1839,0.3799,1.979,6.605,3.326,6.605,0.904,123.6088,5.4742,0.5358
262,4,104243,1628.7969,16384,49.7568,1.1867,0.3778,1.9877,14.085,3.36,14.085,0.9344,123.7301,5.7111,0.6771
263,4,105135,1642.7344,16384,50.0737,1.176,0.3819,1.9724,7.127,2.735,7.127,0.8961,123.623,5.7397,0.6794
264,4,104613,1634.5781,16384,49.9527,1.182,0.3824,1.98,11.69,3.481,11.69,0.9153,123.6352,5.5303,0.6165
265,4,104654,1635.2188,16384,49.8309,1.1802,0.3815,1.9736,10.819,10.312,10.819,0.9069,123.5084,5.4537,0.5543
266,4,105146,1642.9062,16384,50.2568,1.1758,0.3817,1.9782,13.336,5.923,13.336,0.9064,123.6527,5.4469,0.5446
267,4,104250,1628.9062,16384,49.7113,1.1862,0.3794,1.9838,15.87,15.058,15.87,0.93,123.6448,5.6794,0.6509
268,4,105169,1643.2656,16384,50.1517,1.1757,0.381,1.9753,10.744,4.807,10.744,0.9164,123.6712,5.8866,0.7046
269,4,105124,1642.5625,16384,50.0523,1.1764,0.3802,1.9743,6.447,2.843,6.447,0.8965,123.6652,5.7659,0.6505
270,4,104849,1638.2656,16384,50.0997,1.1781,0.3787,1.9807,15.409,2.689,15.409,0.9259,123.524,5.7077,0.6154
271,4,104566,1633.8438,16384,49.9531,1.1824,0.3821,1.9812,11.808,10.318,11.808,0.9202,123.645,5.6309,0.6148
272,4,104985,1640.3906,16384,50.0672,1.1773,0.3815,1.9753,13.246,3.241,13.246,0.9145,123.5961,5.9734,0.7923
273,4,105841,1653.7656,16384,50.3623,1.1675,0.3787,1.9679,6.066,2.457,6.066,0.8907,123.5734,6.0176,0.838
274,4,105345,1646.0156,16384,50.0631,1.1719,0.3779,1.968,6.419,2.372,6.419,0.8945,123.4604,5.9837,0.7402
275,4,104530,1633.2812,16384,49.8986,1.1837,0.3799,1.9843,15.71,2.582,15.71,0.9581,123.7195,5.9441,0.7307
276,4,105449,1647.6406,16384,50.0763,1.1715,0.3822,1.9632,12.405,3.134,12.405,0.9015,123.6039,5.8311,0.6331
277,4,104661,1635.3281,16384,50.0502,1.179,0.3821,1.9775,12.209,2.655,12.209,0.9149,123.6084,5.661,0.6329
278,4,104653,1635.2031,16384,49.8342,1.1834,0.385,1.9765,12.555,10.797,12.555,0.9153,123.6089,5.6695,0.5705
279,4,105175,1643.3594,16384,49.8474,1.1754,0.3775,1.9685,15.902,8.474,15.902,0.9622,123.5971,5.7439,0.6243
280,4,105084,1641.9375,16384,50.1228,1.1763,0.3814,1.9752,13.743,5.721,13.743,0.9237,123.6186,5.9574,0.7314
281,4,104630,1634.8438,16384,49.9446,1.1816,0.3824,1.9792,10.924,2.698,10.924,0.9094,123.6276,5.8786,0.7215
282,4,104185,1627.8906,16384,49.7471,1.1862,0.3832,1.9811,6.503,2.561,6.503,0.9069,123.631,5.67,0.6329
283,4,104856,1638.375,16384,50.1555,1.1795,0.3833,1.9806,11.623,3.922,11.623,0.9186,123.6414,5.6298,0.6057
284,4,105174,1643.3438,16384,50.0114,1.1757,0.3784,1.9733,11.841,2.503,11.841,0.9175,123.645,5.7959,0.6411
285,4,104511,1632.9844,16384,49.7345,1.1834,0.3817,1.9767,9.527,9.1,9.527,0.9042,123.6713,5.8084,0.6503
286,4,105394,1646.7812,16384,50.0778,1.1717,0.3803,1.9656,11.551,2.788,11.551,0.9033,123.5306,6.0303,0.7226
287,4,105311,1645.4844,16384,49.9986,1.1748,0.3786,1.9709,6.337,2.587,6.337,0.9035,123.6699,5.8037,0.7043
288,4,104771,1637.0469,16384,49.8831,1.1804,0.3798,1.9773,8.019,2.971,8.019,0.9059,123.6742,5.6843,0.6325
289,4,105400,1646.875,16384,50.2742,1.1719,0.3769,1.9757,21.68,19.74,21.68,0.9289,123.5312,5.7112,0.6247
290,4,104578,1634.0312,16384,50.0296,1.1823,0.3829,1.9826,6.19,6.077,6.19,0.9071,123.6342,5.7827,0.6415
291,4,104872,1638.625,16384,50.1917,1.1791,0.3817,1.9826,12.58,4.02,12.58,0.9092,123.6546,5.9899,0.6953
292,4,105341,1645.9531,16384,50.1799,1.1741,0.3805,1.9734,7.663,2.954,7.663,0.9009,123.6751,5.7644,0.6682
293,4,105053,1641.4531,16384,50.2223,1.1755,0.3827,1.9753,10.224,4.521,10.224,0.9021,123.4996,5.747,0.6426
294,4,104820,1637.8125,16384,49.9428,1.1789,0.3802,1.9758,6.475,2.442,6.475,0.9014,123.6154,5.6584,0.6059
295,4,104512,1633,16384,49.9512,1.1833,0.38,1.9851,11.627,2.598,11.627,0.9267,123.6185,5.7481,0.6238
296,4,104963,1640.0469,16384,49.8652,1.1785,0.3815,1.9712,11.081,2.502,11.081,0.9067,123.7264,5.8164,0.6324
297,4,104049,1625.7656,16384,49.8986,1.1872,0.3816,1.9896,13.736,2.785,13.736,0.9389,123.6028,5.9443,0.6873
298,4,104372,1630.8125,16384,49.7442,1.1853,0.3813,1.9812,12.759,10.362,12.759,0.9178,123.6022,5.7527,0.6066
299,4,104678,1635.5938,16384,50.2484,1.1805,0.3776,1.9913,12.738,12.277,12.738,0.9491,123.5714,5.8226,0.6955
300,4,104705,1636.0156,16384,49.9317,1.1801,0.3834,1.9746,13.486,13.486,11.619,0.9233,123.5677,5.866,0.6953
301,4,105225,1644.1406,16384,50.1155,1.1743,0.381,1.9712,10.329,10.329,9.009,0.9014,123.5669,5.9218,0.6957
302,4,104560,1633.75,16384,50.1922,1.1823,0.3837,1.987,9.136,4.967,9.136,0.9184,123.6099,6.0401,0.7483
303,4,104177,1627.7656,16384,49.8805,1.1863,0.384,1.9848,7.203,2.846,7.203,0.9097,123.623,5.7616,0.66
304,4,105165,1643.2031,16384,50.1517,1.1757,0.3801,1.9762,6.043,2.915,6.043,0.9026,123.6181,5.7797,0.6501
305,4,104340,1630.3125,16384,49.9358,1.1851,0.381,1.9871,10.024,3.038,10.024,0.9165,123.6339,5.5986,0.5616
306,4,105032,1641.125,16384,50.2123,1.1767,0.379,1.9813,6.272,2.984,6.272,0.9079,123.6247,5.6289,0.562
307,4,105894,1654.5938,16384,50.136,1.1677,0.38,1.9598,6.648,3.422,6.648,0.8937,123.6266,5.7317,0.6338
308,4,105128,1642.625,16384,50.1303,1.1757,0.3807,1.9749,6.438,2.733,6.438,0.9027,123.6112,6.0303,0.7404
309,4,104615,1634.6094,16384,49.9919,1.1816,0.3824,1.9806,14.602,2.593,14.602,0.94,123.6209,5.771,0.6154
310,4,103948,1624.1875,16384,49.9019,1.1893,0.3815,1.994,12.706,3.516,12.706,0.9524,123.6396,5.7335,0.5975
311,4,104377,1630.8906,16384,49.9832,1.1846,0.3838,1.9849,9.438,4.678,9.438,0.9129,123.653,5.6767,0.5881
312,4,104650,1635.1562,16384,49.892,1.1842,0.3798,1.9851,12.745,12.273,12.745,0.9196,123.9076,5.9035,0.6679
313,4,104851,1638.2969,16384,50.3228,1.1759,0.3792,1.983,9.884,5.361,9.884,0.9214,123.2921,6.0482,0.7137
314,4,104385,1631.0156,16384,49.9555,1.1843,0.3835,1.9837,13.217,9.295,13.217,0.9124,123.6282,5.8813,0.695
315,4,104689,1635.7656,16384,50.0454,1.1807,0.3821,1.9808,6.027,3.068,6.027,0.9068,123.6195,5.6799,0.5974
316,4,103460,1616.5625,16384,49.7042,1.1951,0.3817,1.999,15.605,7.917,15.605,0.9657,123.625,5.5655,0.6066
317,4,104814,1637.7188,16384,50.0725,1.1792,0.3843,1.9764,8.433,2.891,8.433,0.9089,123.6277,5.6951,0.5793
318,4,104186,1627.9062,16384,49.9472,1.1866,0.3789,1.9927,10.091,3.229,10.091,0.9339,123.6321,5.8378,0.615
319,4,103729,1620.7656,16384,49.9754,1.1918,0.3855,1.9973,11.422,3.265,11.422,0.9408,123.6098,6.0833,0.8295
320,4,104352,1630.5,16384,50.1802,1.1848,0.3836,1.9918,11.898,10.547,11.898,0.9352,123.6443,5.8115,0.6151
321,4,104513,1633.0156,16384,49.8895,1.1831,0.3835,1.9791,9.925,9.124,9.925,0.9148,123.6311,5.683,0.5888
322,4,103980,1624.6875,16384,49.8307,1.1883,0.3805,1.9906,14.46,10.83,14.46,0.9243,123.5647,5.9326,0.8285
323,4,105072,1641.75,16384,50.2941,1.1763,0.3791,1.983,9.74,6.16,9.74,0.919,123.5895,5.7625,0.7683
324,4,104558,1633.7188,16384,50.131,1.1815,0.385,1.9822,7.355,7.355,6.569,0.9112,123.5801,5.866,0.7691
325,4,104392,1631.125,16384,49.9128,1.1846,0.3839,1.9824,7.144,2.771,7.144,0.9107,123.6157,5.4925,0.6172
326,4,104356,1630.5625,16384,50.0527,1.1848,0.3857,1.9856,6.309,4.277,6.309,0.911,123.6457,5.4467,0.5993
327,4,103636,1619.3125,16384,49.9421,1.1918,0.382,1.9998,12.386,10.345,12.386,0.9409,123.5165,5.485,0.527
328,4,104391,1631.1094,16384,50.1078,1.1844,0.3811,1.9911,13.487,2.825,13.487,0.9467,123.6278,5.4851,0.545
329,4,104968,1640.125,16384,50.2658,1.1786,0.3805,1.9852,8.819,2.828,8.819,0.9205,123.7301,5.4666,0.5448
330,4,103931,1623.9219,16384,49.6618,1.1892,0.3792,1.9884,7.273,2.809,7.273,0.9176,123.6032,5.4919,0.6172
331,4,104034,1625.5312,16384,49.7828,1.1888,0.3802,1.9905,12.4,10.428,12.4,0.9383,123.6589,5.8788,0.8232
332,4,104403,1631.2969,16384,50.2083,1.1831,0.3809,1.9921,10.319,10.319,6.641,0.9198,123.5547,5.5768,0.5819
333,4,103823,1622.2344,16384,49.881,1.191,0.3838,1.9944,11.98,10.384,11.98,0.9336,123.6219,5.7492,0.6151
334,4,104595,1634.2969,16384,50.2146,1.1819,0.3795,1.9913,6.921,4.023,6.921,0.9172,123.6177,5.725,0.6063
335,4,104370,1630.7812,16384,49.9205,1.1844,0.3846,1.9816,15.514,11.075,15.514,0.9205,123.6128,5.8046,0.6331
336,4,103816,1622.125,16384,49.8632,1.1907,0.3807,1.9963,13.016,10.219,13.016,0.932,123.6082,5.9963,0.7495
337,4,104546,1633.5312,16384,50.265,1.1819,0.3817,1.9907,10.328,10.328,7.207,0.9208,123.6002,5.8823,0.7041
338,4,103941,1624.0781,16384,49.9764,1.1905,0.3838,1.9966,12.896,2.617,12.896,0.9364,123.7251,5.6442,0.6063
339,4,103912,1623.625,16384,50.0645,1.1894,0.3848,1.9961,12.663,11.388,12.663,0.9281,123.6086,5.6033,0.5353
340,4,104160,1627.5,16384,50.2333,1.1867,0.3816,1.9993,12.774,10.42,12.774,0.9334,123.6108,5.7932,0.6329
341,4,103552,1618,16384,49.7547,1.1935,0.3811,1.998,7.72,2.849,7.72,0.9247,123.6005,5.73,0.6783
342,4,103731,1620.7969,16384,49.9638,1.1915,0.3844,1.9975,12.16,2.869,12.16,0.9323,123.5962,5.938,0.6787
343,4,104261,1629.0781,16384,49.9065,1.1857,0.3822,1.9863,7.378,2.767,7.378,0.9202,123.6012,5.8793,0.7048
344,4,105188,1643.5625,16384,50.2785,1.1764,0.377,1.9847,6.685,2.963,6.685,0.916,123.7295,5.6546,0.5887
345,4,103767,1621.3594,16384,49.9388,1.1912,0.381,1.9994,12.766,11.941,12.766,0.9322,123.617,5.7491,0.6061
346,4,104474,1632.4062,16384,49.911,1.1822,0.382,1.9797,6.528,6.528,6.508,0.9082,123.5467,6.012,0.776
347,4,104130,1627.0312,16384,49.8665,1.1867,0.3808,1.9882,7.591,6.217,7.591,0.9188,123.5589,6.2372,0.8643
348,4,103585,1618.5156,16384,49.8451,1.1929,0.3807,2.0001,13.039,3.125,13.039,0.941,123.5485,5.917,0.8031
349,4,104308,1629.8125,16384,49.9051,1.1852,0.3832,1.9842,6.95,2.816,6.95,0.917,123.6182,5.7516,0.6599
350,4,104378,1630.9062,16384,50.0115,1.1847,0.3801,1.9896,12.471,12.279,12.471,0.9276,123.6595,5.6191,0.5709
351,4,103767,1621.3594,16384,49.7345,1.1912,0.381,1.9928,9.44,9.44,6.555,0.9231,123.6153,5.6582,0.6157
352,4,104113,1626.7656,16384,49.8967,1.1874,0.3815,1.9899,8.13,2.863,8.13,0.92,123.5996,5.8635,0.6872
353,4,104503,1632.8594,16384,50.166,1.1826,0.3778,1.9928,11.13,11.13,7.048,0.9195,123.607,5.9907,0.7232
354,4,103827,1622.2969,16384,50.196,1.1912,0.3835,2.0052,11.776,2.64,11.776,0.9579,123.7267,5.7443,0.6601
355,4,104429,1631.7031,16384,50.0034,1.1842,0.3789,1.9896,10.415,10.415,10.219,0.9247,123.614,5.6334,0.6159
356,4,104423,1631.6094,16384,50.1729,1.1837,0.3832,1.9898,13.389,10.862,13.389,0.9226,123.6075,5.8096,0.5703
357,4,104586,1634.1562,16384,50.3882,1.1819,0.3855,1.9908,14.898,9.328,14.898,0.9192,123.6028,5.7485,0.5891
358,4,104420,1631.5625,16384,50.2624,1.1838,0.3824,1.9936,11.788,11.788,7.519,0.9274,123.6075,6.0466,0.8116
359,4,103739,1620.9219,16384,49.9976,1.1914,0.3792,2.0035,14.266,3.244,14.266,0.9512,123.6024,5.7663,0.6873
360,4,104422,1631.5938,16384,50.0881,1.185,0.3796,1.9933,7.376,2.852,7.376,0.9202,123.7311,5.8352,0.7393
361,4,104210,1628.2812,16384,50.2476,1.1859,0.3828,1.997,9.23,3.411,9.23,0.9275,123.5991,5.5883,0.5624
362,4,103072,1610.5,16384,49.7933,1.1993,0.3878,2.0042,13.746,5.206,13.746,0.9481,123.6084,5.6204,0.5977
363,4,104109,1626.7031,16384,50.182,1.1873,0.3822,1.9983,6.318,2.717,6.318,0.9259,123.6214,5.8593,0.6243
364,4,103300,1614.0625,16384,49.8538,1.196,0.3851,2.0021,11.336,9.35,11.336,0.9337,123.546,6.167,0.7587
365,4,103990,1624.8438,16384,50.2087,1.1897,0.3857,2.0004,11.728,3.948,11.728,0.9313,123.7263,5.8797,0.686
366,4,103685,1620.0781,16384,49.9841,1.1915,0.3813,2.0011,11.617,2.735,11.617,0.9344,123.6006,5.5966,0.5891
367,4,103739,1620.9219,16384,50.0005,1.1924,0.3798,2.005,15.038,13.234,15.038,0.962,123.6205,5.6409,0.6069
368,4,103747,1621.0469,16384,50.04,1.1921,0.3828,2.0027,15.45,10.784,15.45,0.947,123.6809,5.9123,0.7491
369,4,103437,1616.2031,16384,50.0015,1.1943,0.3823,2.0063,11.998,11.766,11.998,0.9572,123.5208,5.9386,0.7412
370,4,104201,1628.1406,16384,49.845,1.1864,0.3832,1.9847,13.62,2.85,13.62,0.9345,123.638,5.8073,0.6244
371,4,104421,1631.5781,16384,49.9794,1.1838,0.3781,1.9889,6.593,3.038,6.593,0.9204,123.6121,5.729,0.589
372,4,104317,1629.9531,16384,49.9717,1.185,0.3792,1.99,11.746,11.746,6.493,0.9213,123.6051,5.6131,0.58
373,4,103823,1622.2344,16384,49.7163,1.1909,0.3852,1.9875,7.411,2.68,7.411,0.9203,123.6603,5.9248,0.7663
374,4,103758,1621.2188,16384,50.1436,1.1905,0.3843,2.0013,10.795,3.112,10.795,0.9264,123.5207,5.991,0.7857
375,4,104247,1628.8594,16384,50.2796,1.1859,0.3839,1.997,6.758,2.801,6.758,0.9247,123.6189,6.0393,0.7047
376,4,103771,1621.4219,16384,49.9889,1.1911,0.3841,1.9979,6.519,2.803,6.519,0.9247,123.6195,5.8153,0.6601
377,4,102309,1598.5781,16384,49.5597,1.2083,0.3842,2.0179,14.399,11.334,14.399,0.9604,123.6126,5.546,0.5805
378,4,103595,1618.6719,16384,49.9696,1.1934,0.3854,2.0004,8.509,8.509,7.715,0.9318,123.6295,5.8006,0.597
379,4,104357,1630.5781,16384,50.4164,1.1844,0.3839,1.9984,11.621,11.621,9.461,0.933,123.6088,5.9427,0.6504
380,4,103777,1621.5156,16384,50.2635,1.191,0.3853,2.0053,13.573,7.749,13.573,0.9634,123.6015,6.0125,0.7493
381,4,103716,1620.5625,16384,50.0983,1.1913,0.3831,2.0026,13.534,3.545,13.534,0.9454,123.6009,5.7825,0.6515
382,4,103597,1618.7031,16384,49.9358,1.1946,0.3885,1.9985,14.509,11.242,14.509,0.9402,123.7309,5.8421,0.7302
383,4,103828,1622.3125,16384,49.921,1.1903,0.3821,1.9959,6.9,2.665,6.9,0.9234,123.6164,5.6205,0.5799
384,4,104053,1625.8281,16384,50.0168,1.1886,0.3821,1.9956,13.442,3.212,13.442,0.9349,123.6146,5.7428,0.6242
385,4,103436,1616.1875,16384,50.1305,1.1952,0.3861,2.0086,11.172,7.571,11.172,0.9484,123.6269,5.7758,0.6338
386,4,103752,1621.125,16384,50.0231,1.1914,0.3833,2.0003,6.254,2.836,6.254,0.9246,123.6096,5.7049,0.6071
387,4,104046,1625.7188,16384,50.2643,1.1878,0.3813,2.0029,10.793,3.867,10.793,0.9349,123.5894,5.874,0.7052
388,4,103226,1612.9062,16384,49.8954,1.1974,0.3842,2.0072,15.692,2.597,15.692,0.9482,123.6041,5.5392,0.6086
389,4,103352,1614.875,16384,50.0774,1.1965,0.3839,2.0115,9.361,9.361,7.886,0.9366,123.6369,5.4204,0.5367
390,4,102886,1607.5938,16384,49.8562,1.2015,0.3836,2.0147,9.577,9.3,9.577,0.9466,123.6403,5.4104,0.5455
391,4,104331,1630.1719,16384,50.2238,1.1852,0.386,1.9915,12.238,9.528,12.238,0.9282,123.6498,5.581,0.5903
392,4,103191,1612.3594,16384,50.079,1.1983,0.388,2.0111,12.853,4.747,12.853,0.9332,123.6433,5.968,0.813
393,4,103668,1619.8125,16384,49.946,1.1919,0.3808,2.0012,6.91,2.746,6.91,0.9287,123.5581,5.8155,0.9216
394,4,104001,1625.0156,16384,50.063,1.1879,0.3818,1.9961,11.94,2.555,11.94,0.9276,123.5515,5.7849,0.8686
395,4,104004,1625.0625,16384,50.0173,1.1877,0.3845,1.9915,10.577,2.648,10.577,0.9214,123.5472,5.5102,0.5993
396,4,103495,1617.1094,16384,49.7754,1.1955,0.3826,2.0011,10.816,2.616,10.816,0.937,123.7253,5.5691,0.6069
397,4,103038,1609.9688,16384,49.8971,1.1997,0.3839,2.0122,6.595,6.275,6.595,0.9368,123.6039,5.7731,0.6335
398,4,102766,1605.7188,16384,50.0078,1.2027,0.3851,2.0205,13.66,3.998,13.66,0.9603,123.6027,6.0806,0.74
399,4,103206,1612.5938,16384,50.1928,1.1977,0.3832,2.0185,8.359,3.192,8.359,0.9475,123.6112,5.8147,0.6154
400,4,103336,1614.625,16384,49.9468,1.1961,0.3813,2.0092,7.086,2.675,7.086,0.9332,123.6034,5.7107,0.6246
401,4,103035,1609.9219,16384,49.9859,1.2009,0.3877,2.0137,12.841,7.067,12.841,0.9538,123.7192,5.7596,0.7311
402,4,102922,1608.1562,16384,50.2419,1.2007,0.3828,2.0265,13.532,9.192,13.532,0.9748,123.6006,5.7548,0.6513
403,4,102996,1609.3125,16384,50.0612,1.2004,0.3865,2.0162,8.102,5.268,8.102,0.9419,123.6084,6.1065,0.7744
404,4,103398,1615.5938,16384,49.8975,1.1956,0.3823,2.0056,6.87,3.057,6.87,0.9329,123.6069,5.741,0.6785
405,4,103859,1622.7969,16384,50.1709,1.1898,0.3849,2.0002,12.914,11.709,12.914,0.9501,123.6048,5.7192,0.6424
406,4,103876,1623.0625,16384,50.1444,1.1898,0.383,2.0012,7.589,3.743,7.589,0.9312,123.5946,5.4353,0.5275
407,4,103334,1614.5938,16384,49.7561,1.1974,0.383,2.0039,9.921,9.921,8.938,0.9298,123.7327,5.6359,0.5796
408,4,103340,1614.6875,16384,50.0077,1.1958,0.3852,2.0067,12.653,2.84,12.653,0.9361,123.6383,5.8242,0.669
409,4,103984,1624.75,16384,50.1067,1.1893,0.3813,2.0008,8.824,3.004,8.824,0.9326,123.592,6.0253,0.7867
410,4,102608,1603.25,16384,49.809,1.2038,0.3852,2.0162,11.844,2.735,11.844,0.9565,123.5133,5.8441,0.6781
411,4,103486,1616.9688,16384,50.1527,1.1963,0.3837,2.0138,13.382,11.301,13.382,0.9515,123.8363,5.6582,0.589
412,4,103861,1622.8281,16384,50.1025,1.1889,0.3827,1.9984,11.437,3.622,11.437,0.934,123.4257,5.8121,0.6685
413,4,102872,1607.375,16384,49.9077,1.2012,0.3841,2.0154,8.883,8.255,8.883,0.9427,123.6023,5.7385,0.6604
414,4,103090,1610.7812,16384,49.9505,1.1989,0.3837,2.0124,11.332,8.408,11.332,0.9494,123.614,5.9164,0.7139
415,4,103418,1615.9062,16384,50.1209,1.1964,0.3855,2.0112,14.587,5.689,14.587,0.9525,123.7338,5.8247,0.6679
416,4,103461,1616.5781,16384,49.9715,1.1951,0.3846,2.0046,6.982,6.041,6.982,0.9347,123.6082,5.7517,0.6242
417,4,103794,1621.7812,16384,50.2418,1.1907,0.3837,2.0056,9.382,9.382,6.428,0.9365,123.6033,5.6299,0.58
418,4,102009,1593.8906,16384,49.5035,1.2118,0.3828,2.0245,12.293,10.542,12.293,0.9764,123.6099,5.57,0.6159
419,4,103369,1615.1406,16384,50.0121,1.1958,0.382,2.0099,6.483,3.046,6.483,0.9375,123.6202,5.8267,0.6424
420,4,103437,1616.2031,16384,49.87,1.1953,0.3836,2.0028,6.751,2.491,6.751,0.931,123.6232,6.1007,0.7671
421,4,103372,1615.1875,16384,50.0164,1.1959,0.3852,2.0071,13.596,3.263,13.596,0.9369,123.6274,5.6816,0.6431
422,4,102509,1601.7031,16384,49.9351,1.2062,0.386,2.0243,10.121,3.88,10.121,0.9658,123.6236,5.6052,0.5981
423,4,102629,1603.5781,16384,49.8767,1.2041,0.3843,2.0198,12.347,7.736,12.347,0.956,123.6031,5.7517,0.642
424,4,102732,1605.1875,16384,50.1713,1.2028,0.3864,2.0248,20.461,10.363,20.461,0.9693,123.5258,5.8819,0.6962
425,4,102678,1604.3438,16384,49.7497,1.2021,0.3836,2.0125,12.377,12.377,11.936,0.9547,123.5201,6.2288,0.937
426,4,102693,1604.5781,16384,49.758,1.206,0.3848,2.0193,8.569,2.922,8.569,0.9541,123.7547,5.7832,0.6951
427,4,102895,1607.7344,16384,50.087,1.2002,0.3831,2.02,13.298,2.965,13.298,0.9818,123.5035,5.7035,0.6248
428,4,103288,1613.875,16384,50.2866,1.1969,0.3808,2.0224,12.846,2.86,12.846,0.9709,123.6116,5.6665,0.6336
429,4,103279,1613.7344,16384,50.0102,1.198,0.3815,2.0149,14.403,2.745,14.403,0.944,123.7239,5.6432,0.5795
430,4,102826,1606.6562,16384,50.3112,1.2022,0.3835,2.0311,17.513,2.721,17.513,1.0107,123.6091,5.7906,0.6691
431,4,102522,1601.9062,16384,49.9971,1.2082,0.3862,2.0302,12.531,4.14,12.531,0.9702,123.9058,5.8687,0.6789
432,4,103385,1615.3906,16384,50.2142,1.1925,0.3862,2.0057,10.997,9.334,10.997,0.9401,123.272,5.7135,0.6259
433,4,103345,1614.7656,16384,50.015,1.1972,0.3826,2.0124,7.501,4.628,7.501,0.9401,123.7192,5.7035,0.6416
434,4,102451,1600.7969,16384,49.8482,1.2061,0.3859,2.0212,13.495,7.895,13.495,0.9653,123.5967,5.5973,0.5624
435,4,102666,1604.1562,16384,49.9104,1.2042,0.381,2.0244,11.579,11.05,11.579,0.9514,123.5907,5.7716,0.678
436,4,103414,1615.8438,16384,50.0561,1.195,0.3866,2.0053,7.397,4.876,7.397,0.9358,123.6004,6.0215,0.6869
437,4,103028,1609.8125,16384,49.7641,1.201,0.3826,2.0117,8.562,2.517,8.562,0.9388,123.7227,5.7685,0.6776
438,4,103444,1616.3125,16384,50.0358,1.195,0.3838,2.0074,6.528,2.595,6.528,0.9345,123.6193,5.7018,0.6156
439,4,102340,1599.0625,16384,49.8339,1.2081,0.3826,2.0281,10.492,3.017,10.492,0.9633,123.6286,5.5134,0.5888
440,4,103271,1613.6094,16384,50.1322,1.1962,0.3836,2.0131,13.111,2.469,13.111,0.9556,123.5703,5.8589,0.7669
441,4,102992,1609.25,16384,50.0786,1.2004,0.3849,2.0185,6.62,2.769,6.62,0.9458,123.5926,5.9389,0.7668
442,4,102720,1605,16384,49.9494,1.2028,0.3863,2.0176,7.477,2.803,7.477,0.9438,123.565,5.9911,0.759
443,4,103049,1610.1406,16384,49.9714,1.1996,0.3849,2.0134,8.445,3.027,8.445,0.9471,123.6076,5.7261,0.6421
444,4,103865,1622.8906,16384,50.1459,1.19,0.3823,2.0024,6.839,2.912,6.839,0.9294,123.6153,5.8665,0.6598
445,4,102846,1606.9688,16384,50.0758,1.202,0.3836,2.0228,12.802,2.681,12.802,0.9595,123.6101,5.686,0.7141
446,4,102781,1605.9531,16384,49.7475,1.2027,0.3822,2.0149,9.338,8.451,9.338,0.9434,123.6171,5.6646,0.5977
447,4,102479,1601.2344,16384,49.8131,1.2063,0.3852,2.0213,14.953,7.148,14.953,0.9716,123.6179,5.7018,0.6961
448,4,102660,1604.0625,16384,50.2231,1.2038,0.3862,2.0287,12.641,9.322,12.641,0.9615,123.5909,6.0013,0.7401
449,4,103121,1611.2656,16384,50.1353,1.2002,0.3855,2.0194,13.436,2.67,13.436,0.967,123.7434,5.7231,0.624
450,4,102721,1605.0156,16384,50.13,1.2036,0.3875,2.0239,12.912,3.547,12.912,0.9576,123.6358,5.5038,0.6165
451,4,102290,1598.2812,16384,49.8123,1.2072,0.3824,2.0258,13.681,2.897,13.681,0.9701,123.5116,5.3587,0.5458
452,4,102787,1606.0469,16384,49.8497,1.2028,0.3836,2.017,10.688,2.909,10.688,0.9533,123.6149,5.4637,0.6169
453,4,103248,1613.25,16384,50.3293,1.1983,0.3859,2.0215,13.512,2.794,13.512,0.956,123.7266,5.6097,0.5718
454,4,102926,1608.2188,16384,49.9582,1.2008,0.3863,2.014,9.884,2.519,9.884,0.9458,123.5971,5.8203,0.6884
455,4,102661,1604.0781,16384,49.7872,1.2034,0.3838,2.0161,11.467,2.731,11.467,0.9443,123.5651,5.6792,0.6976
456,4,102436,1600.5625,16384,49.8438,1.2064,0.3834,2.0243,13.235,11.419,13.235,0.9698,123.6039,5.4388,0.5456
457,4,103224,1612.875,16384,50,1.1976,0.386,2.0093,11.604,9.305,11.604,0.9506,123.5989,5.4637,0.5902
458,4,102511,1601.7344,16384,49.9312,1.2072,0.3855,2.0267,13.009,10.247,13.009,0.9711,123.736,5.5466,0.5895
459,4,102120,1595.625,16384,49.811,1.2102,0.3865,2.0278,7.173,5.517,7.173,0.9552,123.6032,5.9243,0.7316
460,4,103110,1611.0938,16384,50.0524,1.1987,0.385,2.0141,6.587,2.808,6.587,0.9378,123.5968,5.7974,0.6601
461,4,103015,1609.6094,16384,49.8646,1.2001,0.3849,2.0108,7.037,2.533,7.037,0.9411,123.6031,5.6488,0.6068
462,4,102106,1595.4062,16384,49.6984,1.2104,0.3867,2.0243,7.269,3.066,7.269,0.948,123.6116,5.5153,0.5801
463,4,102626,1603.5312,16384,50.1851,1.2041,0.3889,2.0253,7.183,3.237,7.183,0.952,123.6023,5.6588,0.6158
464,4,103424,1616,16384,50.4303,1.1965,0.383,2.0241,12.867,3.505,12.867,0.9745,123.7228,5.8347,0.6414
465,4,103200,1612.5,16384,50.03,1.1979,0.3833,2.0135,6.379,3.038,6.379,0.9388,123.5954,5.9848,0.6878
466,4,102583,1602.8594,16384,50.0219,1.2045,0.3864,2.0234,7.396,3.408,7.396,0.9478,123.5914,5.7741,0.6425
467,4,102508,1601.6875,16384,49.7405,1.2058,0.3828,2.0204,6.903,2.848,6.903,0.9509,123.6129,5.6484,0.6157
468,4,103473,1616.7656,16384,50.102,1.1947,0.3846,2.0081,12.235,10.324,12.235,0.9433,123.634,5.7013,0.6068
469,4,102539,1602.1719,16384,50.1185,1.2063,0.385,2.0314,11.017,8.006,11.017,0.9645,123.6501,5.6592,0.6248
470,4,102171,1596.4219,16384,50.1542,1.2101,0.3876,2.0377,13.889,11.044,13.889,0.9778,123.6494,5.9468,0.7667
471,4,102496,1601.5,16384,49.9756,1.2062,0.3893,2.0224,6.597,2.705,6.597,0.9455,123.6343,5.8389,0.6775
472,4,102942,1608.4688,16384,50.2467,1.2009,0.3852,2.0247,9.288,9.288,7.987,0.9513,123.6111,5.6607,0.6161
473,4,102225,1597.2656,16384,49.8948,1.2091,0.3844,2.0303,15.457,2.798,15.457,0.9698,123.5981,5.5937,0.6155
474,4,102969,1608.8906,16384,50.0918,1.2005,0.3849,2.0191,12.089,2.865,12.089,0.9489,123.6032,5.7397,0.5971
475,4,102763,1605.6719,16384,49.8594,1.2014,0.3853,2.0131,6.579,2.453,6.579,0.9415,123.5217,6.0583,0.8477
476,4,102449,1600.7656,16384,49.7731,1.2068,0.3841,2.022,11.787,2.734,11.787,0.9485,123.6298,6.2438,0.9633
477,4,102626,1603.5312,16384,50.0546,1.2048,0.3842,2.0271,11.43,3.368,11.43,0.9584,123.5942,5.7806,0.6691
478,4,102802,1606.2812,16384,50.2111,1.2018,0.3854,2.0252,13.274,2.844,13.274,0.9718,123.6077,5.6324,0.5623
479,4,102702,1604.7188,16384,50.0321,1.2041,0.3863,2.0229,10.481,6.176,10.481,0.9485,123.6121,5.7256,0.6599
480,4,102563,1602.5469,16384,49.9566,1.2053,0.3857,2.0234,13.403,12.636,13.403,0.9531,123.6091,5.7716,0.669
481,4,102564,1602.5625,16384,50.0956,1.205,0.3877,2.0255,11.916,5.557,11.916,0.9629,123.5818,6.0763,0.7663
482,4,102407,1600.1094,16384,49.9204,1.2079,0.3844,2.0289,14.753,3.24,14.753,0.9682,123.7189,5.7486,0.6684
483,4,102548,1602.3125,16384,49.9971,1.2053,0.3862,2.0244,11.247,11.247,6.794,0.9464,123.6129,5.6762,0.6247
484,4,102496,1601.5,16384,50.0049,1.2061,0.3848,2.0276,6.925,2.684,6.925,0.9511,123.6079,5.7198,0.597
485,4,102702,1604.7188,16384,49.9922,1.2033,0.3833,2.023,12.117,8.397,12.117,0.9647,123.5954,5.7701,0.6599
486,4,103083,1610.6719,16384,50.1353,1.1988,0.3838,2.0183,11.056,11.056,9.524,0.9478,123.5905,5.6752,0.5899
487,4,102921,1608.1406,16384,49.9966,1.2013,0.3841,2.0183,12.298,2.585,12.298,0.952,123.6614,6.1846,0.8835
488,4,102421,1600.3281,16384,50.064,1.2072,0.3838,2.0326,10.389,2.956,10.389,0.9659,123.6005,5.7135,0.616
489,4,102527,1601.9844,16384,49.9,1.2049,0.3833,2.0233,12.949,2.735,12.949,0.9662,123.5642,5.8166,0.7404
490,4,102189,1596.7031,16384,50.1355,1.2099,0.3901,2.0341,19.271,19.271,18.893,0.9781,123.601,5.78,0.7136
491,4,102900,1607.8125,16384,50.0933,1.2017,0.3864,2.0201,9.846,9.112,9.846,0.9503,123.643,5.7275,0.6156
492,4,102635,1603.6719,16384,50.0736,1.2043,0.3863,2.0246,11.721,9.332,11.721,0.9569,123.6122,5.9438,0.7675
493,4,102787,1606.0469,16384,50.0063,1.2024,0.3882,2.0167,11.5,11.5,6.656,0.9416,123.6013,5.7821,0.6425
494,4,101918,1592.4688,16384,49.8901,1.2132,0.3858,2.037,7.76,3.465,7.76,0.9647,123.6196,5.6458,0.6422
495,4,102550,1602.3438,16384,49.9698,1.2052,0.3835,2.026,6.228,2.757,6.228,0.9532,123.6164,5.5252,0.5534
496,4,102220,1597.1875,16384,49.9658,1.2089,0.3916,2.0252,11.465,7.52,11.465,0.957,123.6186,5.6463,0.6155
497,4,102577,1602.7656,16384,49.9917,1.2052,0.385,2.0251,7.496,3.112,7.496,0.9515,123.6099,5.8482,0.6686
498,4,102319,1598.7344,16384,49.8109,1.2097,0.3859,2.0273,6.122,3.352,6.122,0.9524,123.7449,5.9831,0.7223
499,4,102965,1608.8281,16384,50.0908,1.199,0.3869,2.014,11.288,11.288,7.548,0.9445,123.5083,5.6047,0.6078
500,4,103349,1614.8281,16384,50.223,1.1976,0.385,2.0176,9.271,9.271,6.252,0.9461,123.7312,5.7885,0.6234
501,4,102933,1608.3281,16384,50.1394,1.2006,0.3834,2.0225,13.452,2.61,13.452,0.9684,123.575,5.842,0.6868
502,4,101613,1587.7031,16384,49.8135,1.2158,0.3902,2.0353,7.463,5.701,7.463,0.9605,123.6023,5.6468,0.5709
503,4,102624,1603.5,16384,50.0984,1.2049,0.3883,2.0247,11.111,11.111,8.942,0.9538,123.6006,5.7711,0.6155
504,4,102279,1598.1094,16384,49.8685,1.2086,0.3836,2.0293,9.576,8.568,9.576,0.9628,123.6058,5.9226,0.6957
505,4,102859,1607.1719,16384,50.0452,1.2028,0.3862,2.0208,11.903,9.348,11.903,0.9539,123.7138,5.7008,0.6513
506,4,102600,1603.125,16384,50.1764,1.2048,0.3846,2.0307,14.331,12.168,14.331,0.9828,123.5977,5.5992,0.5715
507,4,102084,1595.0625,16384,50.2557,1.2106,0.384,2.0456,13.239,5.114,13.239,0.9929,123.5999,5.5928,0.5709
508,4,102617,1603.3906,16384,50.0931,1.2048,0.3859,2.0268,7.362,2.718,7.362,0.9502,123.6043,5.5889,0.6338
509,4,102431,1600.4844,16384,49.854,1.2063,0.3827,2.025,13.119,2.666,13.119,0.9509,123.6073,5.7819,0.6067
510,4,101819,1590.9219,16384,49.9799,1.2144,0.3893,2.039,12.517,4.076,12.517,0.9817,123.6374,5.8946,0.652
511,4,102575,1602.7344,16384,49.901,1.2058,0.3828,2.0254,12.072,2.715,12.072,0.9503,123.6479,5.4515,0.6266
512,4,102456,1600.875,16384,50.0742,1.2059,0.3836,2.0307,6.543,3.415,6.543,0.959,123.6258,5.3796,0.6176
513,4,102157,1596.2031,16384,49.8194,1.2103,0.3855,2.0292,12.269,8.197,12.269,0.9609,123.6176,5.4257,0.6178
514,4,101692,1588.9375,16384,49.6263,1.2157,0.3902,2.029,9.814,8.715,9.814,0.9583,123.5981,5.6597,0.6695
515,4,102076,1594.9375,16384,50.0118,1.2118,0.3867,2.0372,12.729,11.703,12.729,0.9735,123.7363,5.8026,0.7767
516,4,101982,1593.4688,16384,49.8186,1.2127,0.3863,2.0332,6.945,3.286,6.945,0.9574,123.6127,5.5435,0.6348
517,4,101733,1589.5781,16384,50.0093,1.2148,0.3861,2.0437,10.903,2.98,10.903,0.9779,123.6238,5.3593,0.5727
518,4,101730,1589.5312,16384,49.7808,1.2155,0.3841,2.0396,13.37,2.776,13.37,0.9736,123.6256,5.2871,0.5546
519,4,102023,1594.1094,16384,49.8123,1.2114,0.386,2.0306,7.365,2.597,7.365,0.9538,123.6094,5.6226,0.5801
520,4,102796,1606.1875,16384,50.1566,1.2023,0.3837,2.0261,11.932,3.218,11.932,0.9648,123.6,5.8009,0.6247
521,4,102323,1598.7969,16384,50.1197,1.208,0.3875,2.0323,7.296,2.664,7.296,0.9594,123.602,5.9223,0.6967
522,4,102380,1599.6875,16384,50.1582,1.2074,0.3852,2.0348,12.328,4.505,12.328,0.9788,123.5917,5.74,0.6338
523,4,101160,1580.625,16384,50.001,1.2227,0.387,2.0585,14.278,2.987,14.278,1.0204,123.732,5.5978,0.5973
524,4,101896,1592.125,16384,49.9068,1.2133,0.3883,2.0352,12.391,11.682,12.391,0.977,123.5975,5.5718,0.5715
525,4,102013,1593.9531,16384,50.0025,1.2118,0.3861,2.0375,17.693,16.443,17.693,0.9665,123.6092,5.8309,0.6686
526,4,102421,1600.3281,16384,50.1694,1.2063,0.3899,2.0282,8.162,5.565,8.162,0.9556,123.5295,6.1587,0.9194
527,4,102357,1599.3281,16384,50.0278,1.207,0.3842,2.0307,13.631,2.628,13.631,0.9768,123.5558,5.9568,0.7936
528,4,102598,1603.0938,16384,50.2456,1.2038,0.3841,2.0317,11.567,3.681,11.567,0.9657,123.5608,5.7143,0.6875
529,4,102792,1606.125,16384,50.1576,1.2043,0.3839,2.0299,13.343,2.642,13.343,0.96,123.7475,5.616,0.5795
530,4,103248,1613.25,16384,50.615,1.1976,0.3896,2.0256,13.399,2.576,13.399,0.9486,123.652,5.6824,0.5798
531,4,102647,1603.8594,16384,50.2811,1.2034,0.3863,2.0297,9.183,3.594,9.183,0.9615,123.5275,5.794,0.6249
532,4,101364,1583.8125,16384,49.8195,1.22,0.3886,2.0454,12.111,9.503,12.111,0.98,123.6287,5.999,0.7856
533,4,101653,1588.3281,16384,49.8254,1.2154,0.385,2.04,11.021,3.787,11.021,0.9824,123.6135,5.7722,0.6513
534,4,102640,1603.75,16384,50.2309,1.2046,0.3867,2.0301,6.635,2.654,6.635,0.955,123.5958,5.726,0.6333
535,4,101508,1586.0625,16384,50.0108,1.2184,0.389,2.0481,11.982,4.495,11.982,0.9777,123.6773,5.7675,0.7042
536,4,101732,1589.5625,16384,49.9803,1.2144,0.3875,2.0406,14.613,12.288,14.613,0.9813,123.5793,5.8105,0.7051
537,4,102209,1597.0156,16384,50.0142,1.2092,0.3864,2.0324,14.844,5.926,14.844,0.9677,123.5514,6.0341,0.8212
538,4,102294,1598.3438,16384,49.9521,1.208,0.3871,2.0273,15.77,9.274,15.77,0.966,123.6059,5.7107,0.6157
539,4,102224,1597.25,16384,49.912,1.2092,0.3862,2.0293,13.646,2.542,13.646,0.9555,123.6096,5.7144,0.6062
540,4,101682,1588.7812,16384,50.0216,1.2156,0.3853,2.0466,14.443,3.909,14.443,0.9946,123.6049,5.5927,0.5976
541,4,102456,1600.875,16384,50.0673,1.2063,0.3883,2.0264,7.402,7.402,6.314,0.9547,123.6035,5.6567,0.6068
542,4,102186,1596.6562,16384,50.0196,1.2112,0.3848,2.0383,13.327,2.847,13.327,0.9609,123.7205,5.8101,0.6327
543,4,100965,1577.5781,16384,50.0738,1.2234,0.3898,2.0594,14.24,3.201,14.24,1.0037,123.5986,5.8429,0.6611
544,4,102373,1599.5781,16384,49.9458,1.2082,0.3845,2.0301,6.988,2.736,6.988,0.9585,123.5948,5.79,0.6513
545,4,102180,1596.5625,16384,50.0822,1.2086,0.3868,2.0332,13.422,2.553,13.422,0.979,123.5961,5.6403,0.5979
546,4,100806,1575.0938,16384,49.758,1.2277,0.3891,2.0582,19.108,19.108,15.366,1.0238,123.7307,5.5808,0.6152
547,4,102354,1599.2812,16384,50.2306,1.2076,0.3876,2.0351,10.345,9.003,10.345,0.9608,123.5518,5.7353,0.679
548,4,102244,1597.5625,16384,49.8709,1.2088,0.3865,2.0269,8.157,5.167,8.157,0.9553,123.5879,5.9337,0.7049
549,4,101946,1592.9062,16384,50.0039,1.2125,0.3839,2.0412,15,3.525,15,0.9949,123.6113,5.6672,0.6158
550,4,102056,1594.625,16384,49.9637,1.2115,0.3879,2.034,6.727,3.299,6.727,0.9612,123.6475,5.5882,0.5981
551,4,101906,1592.2812,16384,49.9529,1.2136,0.3865,2.0392,6.463,2.579,6.463,0.9632,123.6581,5.5214,0.5798
552,4,102418,1600.2812,16384,49.9863,1.2069,0.386,2.0274,11.657,2.577,11.657,0.9592,123.6128,5.7145,0.6418
553,4,101261,1582.2031,16384,49.7793,1.2206,0.387,2.0469,12.906,11.432,12.906,0.9772,123.5977,5.626,0.6519
554,4,101960,1593.125,16384,49.999,1.2123,0.3876,2.037,13.585,2.602,13.585,0.9722,123.6097,5.8998,0.6873
555,4,100977,1577.7656,16384,50.1827,1.2243,0.3853,2.0695,14.153,3.055,14.153,1.0325,123.6222,5.6289,0.6244
556,4,102296,1598.375,16384,50.0313,1.2094,0.3857,2.0341,9.289,9.289,6.845,0.9596,123.7304,5.6353,0.6509
557,4,102095,1595.2344,16384,49.9065,1.2104,0.3847,2.033,7.375,2.867,7.375,0.9576,123.5983,5.6899,0.6332
558,4,102594,1603.0312,16384,50.1969,1.2051,0.3844,2.0324,8.805,5.075,8.805,0.9615,123.6048,5.7417,0.633
559,4,101906,1592.2812,16384,50.0049,1.2127,0.3855,2.0401,9.259,9.259,6.815,0.9686,123.608,5.82,0.6506
560,4,102154,1596.1562,16384,50.3103,1.2101,0.3858,2.0447,14.276,5.849,14.276,0.9925,123.5986,6.017,0.7399
561,4,102186,1596.6562,16384,50.0998,1.2106,0.3827,2.0419,13.517,4.517,13.517,0.9741,123.728,5.6651,0.6156
562,4,101868,1591.6875,16384,49.9264,1.2129,0.3862,2.0371,12.459,2.679,12.459,0.9737,123.5908,5.6066,0.5713
563,4,101957,1593.0781,16384,49.9691,1.213,0.3864,2.0385,13.366,2.741,13.366,0.9739,123.5998,5.5516,0.598
564,4,101973,1593.3281,16384,50.0456,1.2117,0.3858,2.0391,12.823,3.128,12.823,0.9706,123.6036,5.7225,0.5972
565,4,102426,1600.4062,16384,50.1855,1.207,0.3844,2.0357,6.677,2.784,6.677,0.9605,123.6188,5.6484,0.6078
566,4,101300,1582.8125,16384,49.9457,1.2202,0.389,2.0496,12.801,11.287,12.801,0.9764,123.6068,5.9846,0.6778
567,4,101898,1592.1562,16384,50.0186,1.2145,0.3875,2.0422,13.442,3.674,13.442,0.9756,123.731,5.6988,0.6243
568,4,102509,1601.7031,16384,50.34,1.2056,0.3882,2.0342,12.08,8.503,12.08,0.9617,123.6156,5.6172,0.6162
569,4,102085,1595.0781,16384,50.1367,1.2113,0.3853,2.0417,12.446,6.64,12.446,0.9838,123.6484,5.6458,0.6243
570,4,101414,1584.5938,16384,50.0049,1.2188,0.3862,2.0516,13.478,12.436,13.478,0.9801,123.6348,5.6939,0.6783
571,4,100968,1577.625,16384,49.995,1.225,0.3884,2.0614,11.762,5.227,11.762,1.0017,123.6408,5.8639,0.714
572,4,102309,1598.5781,16384,50.1393,1.2068,0.3874,2.0308,7.297,2.688,7.297,0.9589,123.497,5.6516,0.6259
573,4,101675,1588.6719,16384,49.9543,1.217,0.3886,2.044,7.034,2.633,7.034,0.9651,123.7242,5.5246,0.598
574,4,101763,1590.0469,16384,50.028,1.215,0.3841,2.0468,12.784,9.345,12.784,0.9894,123.6062,5.2953,0.5277
575,4,100733,1573.9531,16384,49.8784,1.2269,0.3871,2.0626,12.781,3.399,12.781,1.0001,123.6016,5.3408,0.5636
576,4,101922,1592.5312,16384,49.9382,1.2127,0.3877,2.0356,9.839,2.566,9.839,0.9606,123.6022,5.5028,0.5995
577,4,101308,1582.9375,16384,50.1076,1.2192,0.3889,2.0529,8.893,3.243,8.893,0.9842,123.5202,6.0757,0.8309
578,4,102402,1600.0312,16384,50.25,1.2079,0.3866,2.0374,6.091,2.649,6.091,0.9595,123.6696,5.6579,0.7241
579,4,101152,1580.5,16384,50.1157,1.2216,0.3882,2.0588,11.982,3.743,11.982,0.9944,123.577,5.5656,0.6789
580,4,102585,1602.8906,16384,50.134,1.2051,0.3863,2.0283,10.42,8.967,10.42,0.9677,123.6024,5.4571,0.5458
581,4,101223,1581.6094,16384,49.8632,1.2209,0.3887,2.0487,10.515,6.066,10.515,0.9756,123.5987,5.5008,0.6261
582,4,101846,1591.3438,16384,50.2455,1.2136,0.3898,2.0455,12.664,4.474,12.664,0.9762,123.6127,5.8419,0.661
583,4,101590,1587.3438,16384,50.1063,1.2164,0.3903,2.0461,12.481,3.19,12.481,0.9915,123.5701,5.9721,0.7576
584,4,101750,1589.8438,16384,49.9735,1.2142,0.3851,2.0424,10.599,2.754,10.599,0.9663,123.5673,5.7454,0.7316
585,4,101836,1591.1875,16384,49.9381,1.2143,0.384,2.0425,12.083,2.563,12.083,0.978,123.6621,5.6369,0.6689
586,4,102182,1596.5938,16384,50.275,1.2098,0.3869,2.0418,9.376,3.232,9.376,0.9675,123.5966,5.6646,0.6156
587,4,101155,1580.5469,16384,49.868,1.2214,0.3868,2.0516,15.722,3.098,15.722,0.9932,123.5921,5.7123,0.6426
588,4,102215,1597.1094,16384,49.9281,1.2095,0.3852,2.0315,10.98,3.128,10.98,0.9656,123.5893,6.0441,0.8035
589,4,101391,1584.2344,16384,49.9354,1.2195,0.3871,2.0498,11.773,4.103,11.773,0.9822,123.7284,5.7823,0.6415
590,4,101786,1590.4062,16384,50.112,1.2155,0.3848,2.05,15.495,11.873,15.495,0.9818,123.6387,5.6041,0.6247
591,4,101750,1589.8438,16384,50.0187,1.2152,0.3938,2.0373,9.171,6.122,9.171,0.9584,123.6509,5.6789,0.6418
592,4,101400,1584.375,16384,50.1124,1.218,0.3877,2.0521,13.729,12.457,13.729,0.9809,123.5083,5.6742,0.6523
593,4,101968,1593.25,16384,50.0559,1.2115,0.3877,2.0372,12.76,5.168,12.76,0.9784,123.565,5.9644,0.7411
594,4,101878,1591.8438,16384,50.0628,1.2145,0.3885,2.0427,14.688,11.468,14.688,0.9766,123.7309,5.654,0.6332
595,4,102242,1597.5312,16384,50.2572,1.2095,0.3864,2.0411,6.564,3.557,6.564,0.9646,123.627,5.6146,0.6069
596,4,101215,1581.4844,16384,50.0242,1.2209,0.3894,2.0532,11.623,2.63,11.623,0.9874,123.6035,5.5398,0.571
597,4,101106,1579.7812,16384,49.8576,1.2224,0.3873,2.0528,14.972,3.966,14.972,0.9891,123.6003,5.611,0.562
598,4,100989,1577.9531,16384,49.948,1.224,0.3873,2.0589,13.24,3.496,13.24,1.0016,123.6132,5.6007,0.6074
599,4,101844,1591.3125,16384,50.0236,1.2133,0.3863,2.0411,6.389,2.646,6.389,0.97,123.6047,5.8361,0.6704
600,4,101663,1588.4844,16384,50.0162,1.2176,0.3906,2.0452,13.577,10.546,13.577,0.9869,123.7466,5.7413,0.6418
